USE hospitaliere;

-- Departments
INSERT INTO departments (department_name, location)
VALUES ('Cardiology', 'Building A, Floor 3'),
       ('Neurology', 'Building B, Floor 2'),
       ('Pediatrics', 'Building C, Floor 1'),
       ('Orthopedics', 'Building A, Floor 4'),
       ('Emergency', 'Building D, Ground Floor'),
       ('Radiology', 'Building B, Basement'),
       ('Oncology', 'Building A, Floor 5'),
       ('Psychiatry', 'Building C, Floor 3'),
       ('Dermatology', 'Building B, Floor 1'),
       ('Obstetrics', 'Building C, Floor 2'),
       ('Endocrinology', 'Building A, Floor 2'),
       ('Gastroenterology', 'Building B, Floor 3'),
       ('Pulmonology', 'Building A, Floor 6'),
       ('Nephrology', 'Building C, Floor 4'),
       ('Ophthalmology', 'Building D, Floor 1'),
       ('ENT', 'Building B, Floor 4'),
       ('Urology', 'Building A, Floor 7'),
       ('Rheumatology', 'Building C, Floor 5'),
       ('Hematology', 'Building B, Floor 5'),
       ('Anesthesiology', 'Building D, Floor 2');

-- Rooms
INSERT INTO rooms (room_number, room_type, availability)
VALUES ('101', 'General', true),
       ('102', 'General', false),
       ('103', 'Private', true),
       ('104', 'ICU', false),
       ('105', 'General', true),
       ('106', 'Private', false),
       ('107', 'ICU', true),
       ('108', 'General', false),
       ('109', 'Private', true),
       ('110', 'General', true),
       ('201', 'ICU', false),
       ('202', 'Private', true),
       ('203', 'General', false),
       ('204', 'Private', true),
       ('205', 'ICU', false),
       ('206', 'General', true),
       ('207', 'Private', false),
       ('208', 'General', true),
       ('209', 'ICU', true),
       ('210', 'Private', false);

-- Patients
INSERT INTO patients (first_name, last_name, gender, date_of_birth, phone_number, email, address)
VALUES ('John', 'Smith', 'Male', '1985-03-15', '555-0101', 'john.smith@email.com', '123 Main St, Springfield'),
       ('Emma', 'Johnson', 'Female', '1990-07-22', '555-0102', 'emma.j@email.com', '456 Oak Ave, Riverside'),
       ('Michael', 'Williams', 'Male', '1978-11-30', '555-0103', 'mwilliams@email.com', '789 Pine Rd, Lakewood'),
       ('Sarah', 'Brown', 'Female', '1995-05-18', '555-0104', 'sarah.brown@email.com', '321 Elm St, Hillside'),
       ('David', 'Jones', 'Male', '1982-09-08', '555-0105', 'djones@email.com', '654 Maple Dr, Greenville'),
       ('Lisa', 'Garcia', 'Female', '1988-12-25', '555-0106', 'lisa.garcia@email.com', '987 Cedar Ln, Brookville'),
       ('James', 'Martinez', 'Male', '1975-04-12', '555-0107', 'jmartinez@email.com', '147 Birch St, Meadowbrook'),
       ('Jennifer', 'Rodriguez', 'Female', '1992-08-19', '555-0108', 'jrodriguez@email.com',
        '258 Willow Way, Fairview'),
       ('Robert', 'Miller', 'Male', '1980-02-28', '555-0109', 'rmiller@email.com', '369 Spruce Ave, Clearwater'),
       ('Mary', 'Davis', 'Female', '1987-06-14', '555-0110', 'mary.davis@email.com', '741 Ash Blvd, Sunset'),
       ('William', 'Wilson', 'Male', '1993-10-05', '555-0111', 'wwilson@email.com', '852 Poplar St, Riverside'),
       ('Patricia', 'Moore', 'Female', '1979-01-17', '555-0112', 'pmoore@email.com', '963 Hickory Rd, Lakeside'),
       ('Charles', 'Taylor', 'Male', '1986-07-23', '555-0113', 'ctaylor@email.com', '159 Walnut Dr, Mountainview'),
       ('Linda', 'Anderson', 'Female', '1991-11-09', '555-0114', 'landerson@email.com', '357 Chestnut Ln, Oceanview'),
       ('Thomas', 'Thomas', 'Male', '1984-03-31', '555-0115', 'tthomas@email.com', '753 Beech St, Valleytown'),
       ('Barbara', 'Jackson', 'Female', '1989-09-26', '555-0116', 'bjackson@email.com', '951 Sycamore Ave, Hillcrest'),
       ('Daniel', 'White', 'Male', '1977-05-07', '555-0117', 'dwhite@email.com', '246 Magnolia Way, Seaside'),
       ('Susan', 'Harris', 'Female', '1994-12-13', '555-0118', 'sharris@email.com', '468 Dogwood Blvd, Parkview'),
       ('Joseph', 'Martin', 'Male', '1981-08-21', '555-0119', 'jmartin@email.com', '579 Redwood Dr, Forestville'),
       ('Jessica', 'Thompson', 'Female', '1996-04-04', '555-0120', 'jthompson@email.com', '680 Cypress Rd, Laketown');

-- Doctors
INSERT INTO doctors (first_name, last_name, specialization, phone_number, email, department_id)
VALUES ('Gregory', 'House', 'Cardiology', '555-1001', 'g.house@hospital.com', 1),
       ('Meredith', 'Grey', 'Neurology', '555-1002', 'm.grey@hospital.com', 2),
       ('Derek', 'Shepherd', 'Neurology', '555-1003', 'd.shepherd@hospital.com', 2),
       ('Miranda', 'Bailey', 'Pediatrics', '555-1004', 'm.bailey@hospital.com', 3),
       ('Mark', 'Sloan', 'Orthopedics', '555-1005', 'm.sloan@hospital.com', 4),
       ('Cristina', 'Yang', 'Cardiology', '555-1006', 'c.yang@hospital.com', 1),
       ('Alex', 'Karev', 'Pediatrics', '555-1007', 'a.karev@hospital.com', 3),
       ('Izzie', 'Stevens', 'Oncology', '555-1008', 'i.stevens@hospital.com', 7),
       ('George', 'O\'Malley', 'Emergency', '555-1009', 'g.omalley@hospital.com', 5),
       ('Callie', 'Torres', 'Orthopedics', '555-1010', 'c.torres@hospital.com', 4),
       ('Owen', 'Hunt', 'Emergency', '555-1011', 'o.hunt@hospital.com', 5),
       ('Arizona', 'Robbins', 'Pediatrics', '555-1012', 'a.robbins@hospital.com', 3),
       ('Jackson', 'Avery', 'Dermatology', '555-1013', 'j.avery@hospital.com', 9),
       ('April', 'Kepner', 'Emergency', '555-1014', 'a.kepner@hospital.com', 5),
       ('Lexie', 'Grey', 'Radiology', '555-1015', 'l.grey@hospital.com', 6),
       ('Preston', 'Burke', 'Cardiology', '555-1016', 'p.burke@hospital.com', 1),
       ('Addison', 'Montgomery', 'Obstetrics', '555-1017', 'a.montgomery@hospital.com', 10),
       ('Amelia', 'Shepherd', 'Neurology', '555-1018', 'a.shepherd@hospital.com', 2),
       ('Richard', 'Webber', 'Gastroenterology', '555-1019', 'r.webber@hospital.com', 12),
       ('Teddy', 'Altman', 'Cardiology', '555-1020', 't.altman@hospital.com', 1);

-- Staff
INSERT INTO staff (first_name, last_name, job_title, phone_number, email, department_id)
VALUES ('Nancy', 'Parker', 'Head Nurse', '555-2001', 'n.parker@hospital.com', 1),
       ('Frank', 'Collins', 'Lab Technician', '555-2002', 'f.collins@hospital.com', 6),
       ('Rachel', 'Bennett', 'Administrative Assistant', '555-2003', 'r.bennett@hospital.com', 5),
       ('Kevin', 'Foster', 'Pharmacist', '555-2004', 'k.foster@hospital.com', 1),
       ('Angela', 'Reed', 'Nurse', '555-2005', 'a.reed@hospital.com', 3),
       ('Brian', 'Cooper', 'Radiographer', '555-2006', 'b.cooper@hospital.com', 6),
       ('Michelle', 'Richardson', 'Physical Therapist', '555-2007', 'm.richardson@hospital.com', 4),
       ('Steven', 'Howard', 'Nurse', '555-2008', 's.howard@hospital.com', 7),
       ('Laura', 'Ward', 'Medical Secretary', '555-2009', 'l.ward@hospital.com', 2),
       ('Christopher', 'Russell', 'Lab Technician', '555-2010', 'c.russell@hospital.com', 12),
       ('Kimberly', 'Powell', 'Nurse', '555-2011', 'k.powell@hospital.com', 10),
       ('Matthew', 'Jenkins', 'IT Support', '555-2012', 'm.jenkins@hospital.com', 1),
       ('Sandra', 'Perry', 'Dietitian', '555-2013', 's.perry@hospital.com', 8),
       ('Donald', 'Long', 'Security Officer', '555-2014', 'd.long@hospital.com', 5),
       ('Betty', 'Hughes', 'Nurse Practitioner', '555-2015', 'b.hughes@hospital.com', 9),
       ('Paul', 'Flores', 'Maintenance Staff', '555-2016', 'p.flores@hospital.com', 5),
       ('Dorothy', 'Washington', 'Social Worker', '555-2017', 'd.washington@hospital.com', 8),
       ('Jason', 'Butler', 'Anesthesiologist Assistant', '555-2018', 'j.butler@hospital.com', 20),
       ('Carol', 'Simmons', 'Medical Records Clerk', '555-2019', 'c.simmons@hospital.com', 5),
       ('Ryan', 'Patterson', 'Phlebotomist', '555-2020', 'r.patterson@hospital.com', 6);

-- Medications
INSERT INTO medications (medication_name, dosage)
VALUES ('Amoxicillin', '500mg'),
       ('Lisinopril', '10mg'),
       ('Metformin', '850mg'),
       ('Atorvastatin', '20mg'),
       ('Omeprazole', '40mg'),
       ('Amlodipine', '5mg'),
       ('Levothyroxine', '75mcg'),
       ('Albuterol', '90mcg inhaler'),
       ('Gabapentin', '300mg'),
       ('Hydrochlorothiazide', '25mg'),
       ('Sertraline', '50mg'),
       ('Losartan', '50mg'),
       ('Ibuprofen', '600mg'),
       ('Prednisone', '20mg'),
       ('Aspirin', '81mg'),
       ('Warfarin', '5mg'),
       ('Furosemide', '40mg'),
       ('Ciprofloxacin', '500mg'),
       ('Insulin Glargine', '100 units/mL'),
       ('Clopidogrel', '75mg');

-- Admissions
INSERT INTO admissions (patient_id, room_id, admission_date, discharge_date)
VALUES (1, 2, '2024-11-15', '2024-11-20'),
       (3, 4, '2024-11-18', NULL),
       (5, 6, '2024-11-10', '2024-11-25'),
       (7, 8, '2024-11-22', '2024-11-28'),
       (9, 11, '2024-11-20', NULL),
       (11, 13, '2024-11-12', '2024-11-19'),
       (13, 15, '2024-11-25', NULL),
       (15, 17, '2024-11-08', '2024-11-14'),
       (17, 20, '2024-11-16', '2024-11-23'),
       (2, 3, '2024-10-28', '2024-11-05'),
       (4, 7, '2024-11-01', '2024-11-10'),
       (6, 9, '2024-11-19', '2024-11-26'),
       (8, 14, '2024-11-23', NULL),
       (10, 16, '2024-11-11', '2024-11-17'),
       (12, 18, '2024-11-13', '2024-11-21'),
       (14, 1, '2024-11-27', NULL),
       (16, 5, '2024-11-09', '2024-11-15'),
       (18, 10, '2024-11-21', '2024-11-29'),
       (19, 12, '2024-11-24', NULL),
       (20, 19, '2024-11-14', '2024-11-22');

-- Appointments
INSERT INTO appointments (appointment_date, appointment_time, doctor_id, patient_id, reason)
VALUES ('2024-12-02', '09:00:00', 1, 1, 'Cardiac checkup'),
       ('2024-12-02', '10:30:00', 2, 3, 'Headache consultation'),
       ('2024-12-03', '11:00:00', 4, 5, 'Child vaccination'),
       ('2024-12-03', '14:00:00', 5, 7, 'Knee pain'),
       ('2024-12-04', '09:30:00', 6, 9, 'Heart palpitations'),
       ('2024-12-04', '15:00:00', 8, 11, 'Cancer screening'),
       ('2024-12-05', '10:00:00', 10, 13, 'Hip replacement consultation'),
       ('2024-12-05', '13:30:00', 12, 15, 'Pediatric checkup'),
       ('2024-12-06', '08:30:00', 13, 17, 'Skin rash'),
       ('2024-12-06', '16:00:00', 17, 19, 'Prenatal visit'),
       ('2024-12-07', '09:00:00', 19, 2, 'Stomach pain'),
       ('2024-12-07', '11:30:00', 3, 4, 'MRI results review'),
       ('2024-12-08', '10:00:00', 7, 6, 'Asthma follow-up'),
       ('2024-12-08', '14:30:00', 11, 8, 'Emergency follow-up'),
       ('2024-12-09', '09:30:00', 14, 10, 'Trauma evaluation'),
       ('2024-12-09', '15:30:00', 16, 12, 'Bypass surgery consultation'),
       ('2024-12-10', '08:00:00', 18, 14, 'Neurological assessment'),
       ('2024-12-10', '12:00:00', 20, 16, 'Chest pain evaluation'),
       ('2024-12-11', '10:30:00', 9, 18, 'Injury treatment'),
       ('2024-12-11', '16:30:00', 15, 20, 'X-ray consultation');

-- Prescriptions
INSERT INTO prescriptions (patient_id, doctor_id, medication_id, prescription_date, dosage_instructions)
VALUES (1, 1, 4, '2024-11-15', 'Take one tablet daily at bedtime'),
       (3, 2, 9, '2024-11-18', 'Take one capsule three times daily with food'),
       (5, 4, 1, '2024-11-10', 'Take one capsule every 8 hours for 7 days'),
       (7, 5, 13, '2024-11-22', 'Take one tablet every 6 hours as needed for pain'),
       (9, 6, 15, '2024-11-20', 'Take one tablet daily in the morning'),
       (11, 8, 14, '2024-11-12', 'Take two tablets daily for 5 days, then one daily for 5 days'),
       (13, 10, 16, '2024-11-25', 'Take as directed, regular INR monitoring required'),
       (15, 12, 8, '2024-11-08', 'Use two puffs every 4-6 hours as needed'),
       (17, 13, 5, '2024-11-16', 'Take one capsule daily before breakfast'),
       (2, 19, 3, '2024-10-28', 'Take one tablet twice daily with meals'),
       (4, 3, 7, '2024-11-01', 'Take one tablet daily on empty stomach'),
       (6, 7, 8, '2024-11-19', 'Use as needed for breathing difficulty'),
       (8, 11, 18, '2024-11-23', 'Take one tablet twice daily for 10 days'),
       (10, 14, 13, '2024-11-11', 'Take one tablet every 8 hours as needed'),
       (12, 16, 20, '2024-11-13', 'Take one tablet daily with food'),
       (14, 18, 9, '2024-11-27', 'Take one capsule at bedtime'),
       (16, 20, 4, '2024-11-09', 'Take one tablet daily at the same time'),
       (18, 9, 13, '2024-11-21', 'Take as needed for pain, maximum 4 times daily'),
       (19, 17, 19, '2024-11-24', 'Inject 20 units subcutaneously at bedtime'),
       (20, 15, 11, '2024-11-14', 'Take one tablet daily in the morning');